alert_date,alert_desc,alert_id,alert_score,alert_type,rule_name,trx_id
1989-08-05,blablablablablabla,0,0.36532333120607113,REPEATED_SWISH,SMURFING_OVER_10_ACCOUNTS,1125
1975-07-16,blablablablablabla,1,1.2380753312749344,TERRORISM,SMURFING_OVER_10_ACCOUNTS,2777
1983-12-18,blablablablablabla,2,1.6973307463119836,SMURFING,MANY_SWISH_ACCOUNTS,303
1996-01-02,blablablablablabla,3,2.012654805760939,REPEATED_SWISH,TOOK_OVER_4_LOANS_IN_ONE_DAY,211
1989-05-05,blablablablablabla,4,0.04267300582768137,REPEATED_SWISH,TOOK_LOANS_FROM_MORE_THAN_1_BANK_IN_ONE_DAY,2909
1970-04-01,blablablablablabla,5,0.3910914596836849,SMURFING,SMURFING_OVER_10_ACCOUNTS,2767
2006-04-29,blablablablablabla,6,2.184703271637381,SMURFING,TOOK_OVER_4_LOANS_IN_ONE_DAY,3923
2015-10-14,blablablablablabla,7,0.6160572260788081,HIGH_INT_PAYMENT,INT_PAYMENT_OVER_5K,2176
1985-09-07,blablablablablabla,8,0.5185007018491531,HIGH_INT_PAYMENT,REPEATED_SWISH,4060
2011-04-21,blablablablablabla,9,0.25600789663257295,HIGH_INT_PAYMENT,SMURFING_OVER_5_ACCOUNTS,3913
2017-06-02,blablablablablabla,10,0.17524778391223414,REPEATED_SWISH,SMURFING_OVER_10_ACCOUNTS,714
2015-07-18,blablablablablabla,11,1.0617993798149723,TERRORISM,TOOK_OVER_4_LOANS_IN_ONE_DAY,850
1973-06-28,blablablablablabla,12,1.690356671249601,SMURFING,SMURFING_OVER_10_ACCOUNTS,341
2012-01-23,blablablablablabla,13,0.5924357632568119,TERRORISM,REPEATED_SWISH,1873
1979-10-27,blablablablablabla,14,0.7777501064645157,REPEATED_SWISH,SMURFING_OVER_5_ACCOUNTS,1323
1972-09-08,blablablablablabla,15,1.4011369098633562,HIGH_INT_PAYMENT,MANY_SWISH_ACCOUNTS,3066
1992-04-25,blablablablablabla,16,0.7349876924523165,REPEATED_SWISH,SMURFING_OVER_10_ACCOUNTS,4834
1977-03-04,blablablablablabla,17,1.0888125528884098,TERRORISM,INT_PAYMENT_OVER_5K,727
1998-09-28,blablablablablabla,18,1.0106789523549,SMURFING,INT_PAYMENT_OVER_5K,334
2017-01-11,blablablablablabla,19,0.7623358805547998,SMURFING,MANY_SWISH_ACCOUNTS,3492
1998-11-23,blablablablablabla,20,0.3217003017330633,SMURFING,TOOK_OVER_4_LOANS_IN_ONE_DAY,2594
1984-06-19,blablablablablabla,21,0.31343101966945963,SMURFING,INT_PAYMENT_OVER_5K,3940
1984-05-03,blablablablablabla,22,0.6726705750536793,REPEATED_SWISH,INT_PAYMENT_OVER_5K,1808
1989-06-28,blablablablablabla,23,0.01893250669371404,TERRORISM,REPEATED_SWISH,418
1979-06-14,blablablablablabla,24,1.890102385916657,TERRORISM,MANY_SWISH_ACCOUNTS,3904
2006-10-22,blablablablablabla,25,0.43339521239755224,SMURFING,MANY_SWISH_ACCOUNTS,888
1990-10-18,blablablablablabla,26,0.32415738837836044,REPEATED_SWISH,TOOK_LOANS_FROM_MORE_THAN_1_BANK_IN_ONE_DAY,3523
1980-04-05,blablablablablabla,27,0.3165830665593897,REPEATED_SWISH,INT_PAYMENT_OVER_5K,112
1978-05-16,blablablablablabla,28,0.9981963398218191,REPEATED_SWISH,TOOK_LOANS_FROM_MORE_THAN_1_BANK_IN_ONE_DAY,3839
2014-07-13,blablablablablabla,29,1.2784703567799736,TERRORISM,MANY_SWISH_ACCOUNTS,2433
2009-02-03,blablablablablabla,30,0.23277475844451623,SMURFING,INT_PAYMENT_OVER_5K,4277
1998-02-01,blablablablablabla,31,0.052346399919744366,HIGH_INT_PAYMENT,INT_PAYMENT_OVER_5K,2030
1997-07-30,blablablablablabla,32,0.37088415709395856,REPEATED_SWISH,SMURFING_OVER_5_ACCOUNTS,2201
1976-05-30,blablablablablabla,33,0.3899046326360785,HIGH_INT_PAYMENT,REPEATED_SWISH,2384
1974-02-01,blablablablablabla,34,1.4715849292674443,TERRORISM,SMURFING_OVER_5_ACCOUNTS,1024
1985-11-12,blablablablablabla,35,0.7164010785431099,SMURFING,MANY_SWISH_ACCOUNTS,1875
1990-04-04,blablablablablabla,36,0.3345000964076122,TERRORISM,REPEATED_SWISH,4429
2007-03-05,blablablablablabla,37,2.1962610405745497,REPEATED_SWISH,SMURFING_OVER_5_ACCOUNTS,33
2006-11-05,blablablablablabla,38,0.8277538004722619,TERRORISM,REPEATED_SWISH,4911
1984-04-21,blablablablablabla,39,0.20982996228386225,TERRORISM,INT_PAYMENT_OVER_5K,1217
2014-09-13,blablablablablabla,40,0.9768405160002939,HIGH_INT_PAYMENT,SMURFING_OVER_5_ACCOUNTS,3248
1981-04-29,blablablablablabla,41,0.9618268580624437,REPEATED_SWISH,SMURFING_OVER_10_ACCOUNTS,4160
2007-07-26,blablablablablabla,42,1.0433536314331873,REPEATED_SWISH,MANY_SWISH_ACCOUNTS,1666
1990-01-22,blablablablablabla,43,0.03177802948543151,TERRORISM,INT_PAYMENT_OVER_5K,4104
1999-03-30,blablablablablabla,44,1.0814704551749155,HIGH_INT_PAYMENT,TOOK_LOANS_FROM_MORE_THAN_1_BANK_IN_ONE_DAY,1524
2001-04-02,blablablablablabla,45,1.5755773063790757,SMURFING,REPEATED_SWISH,1195
1978-09-06,blablablablablabla,46,0.3297908371563887,TERRORISM,TOOK_OVER_4_LOANS_IN_ONE_DAY,499
1977-06-04,blablablablablabla,47,0.895223474186619,SMURFING,INT_PAYMENT_OVER_5K,4499
2015-01-29,blablablablablabla,48,0.8391591089402202,SMURFING,SMURFING_OVER_10_ACCOUNTS,1917
2017-08-03,blablablablablabla,49,1.1415968671660481,REPEATED_SWISH,TOOK_LOANS_FROM_MORE_THAN_1_BANK_IN_ONE_DAY,3935
2016-01-13,blablablablablabla,50,0.4900937307523489,SMURFING,TOOK_LOANS_FROM_MORE_THAN_1_BANK_IN_ONE_DAY,370
2017-12-10,blablablablablabla,51,2.576432821855262,TERRORISM,MANY_SWISH_ACCOUNTS,2583
1994-12-17,blablablablablabla,52,1.5777873569528997,REPEATED_SWISH,MANY_SWISH_ACCOUNTS,1639
2015-01-16,blablablablablabla,53,0.16352316549717258,TERRORISM,TOOK_OVER_4_LOANS_IN_ONE_DAY,902
1991-05-05,blablablablablabla,54,1.1516844632275351,REPEATED_SWISH,MANY_SWISH_ACCOUNTS,980
2009-10-11,blablablablablabla,55,1.3173417511836913,HIGH_INT_PAYMENT,SMURFING_OVER_5_ACCOUNTS,187
1974-07-21,blablablablablabla,56,0.9004605674733352,HIGH_INT_PAYMENT,TOOK_OVER_4_LOANS_IN_ONE_DAY,1589
1979-10-17,blablablablablabla,57,0.18389346205597012,HIGH_INT_PAYMENT,TOOK_LOANS_FROM_MORE_THAN_1_BANK_IN_ONE_DAY,2730
2014-12-16,blablablablablabla,58,0.17753623699256468,HIGH_INT_PAYMENT,MANY_SWISH_ACCOUNTS,300
1989-03-26,blablablablablabla,59,0.3890782175206565,HIGH_INT_PAYMENT,INT_PAYMENT_OVER_5K,1472
1985-01-16,blablablablablabla,60,1.0754266697043862,HIGH_INT_PAYMENT,TOOK_LOANS_FROM_MORE_THAN_1_BANK_IN_ONE_DAY,4879
1998-06-28,blablablablablabla,61,0.13193315699305744,REPEATED_SWISH,TOOK_LOANS_FROM_MORE_THAN_1_BANK_IN_ONE_DAY,1657
1984-03-22,blablablablablabla,62,0.918716650315874,SMURFING,INT_PAYMENT_OVER_5K,144
2014-07-11,blablablablablabla,63,1.4773274325622334,SMURFING,TOOK_OVER_4_LOANS_IN_ONE_DAY,1032
2018-05-31,blablablablablabla,64,1.0784428639371717,TERRORISM,TOOK_OVER_4_LOANS_IN_ONE_DAY,3267
1970-10-03,blablablablablabla,65,0.4099515408414837,SMURFING,SMURFING_OVER_5_ACCOUNTS,1932
1977-05-28,blablablablablabla,66,0.35149123348678274,HIGH_INT_PAYMENT,MANY_SWISH_ACCOUNTS,1765
1999-09-13,blablablablablabla,67,0.8620564816898391,TERRORISM,TOOK_OVER_4_LOANS_IN_ONE_DAY,3638
2014-04-18,blablablablablabla,68,1.7555847503757425,REPEATED_SWISH,SMURFING_OVER_5_ACCOUNTS,3551
1979-07-26,blablablablablabla,69,0.17356726275460882,HIGH_INT_PAYMENT,INT_PAYMENT_OVER_5K,3640
2011-01-08,blablablablablabla,70,1.1057158296791747,REPEATED_SWISH,SMURFING_OVER_5_ACCOUNTS,3527
2001-09-11,blablablablablabla,71,0.017885665181687233,HIGH_INT_PAYMENT,SMURFING_OVER_10_ACCOUNTS,3588
1991-11-01,blablablablablabla,72,1.6781617266801858,REPEATED_SWISH,TOOK_OVER_4_LOANS_IN_ONE_DAY,3059
1986-10-18,blablablablablabla,73,0.24424369987905728,HIGH_INT_PAYMENT,SMURFING_OVER_10_ACCOUNTS,4657
2006-05-20,blablablablablabla,74,0.34294454871980146,TERRORISM,REPEATED_SWISH,2338
1991-02-13,blablablablablabla,75,1.5751991983481957,REPEATED_SWISH,TOOK_LOANS_FROM_MORE_THAN_1_BANK_IN_ONE_DAY,4307
1994-04-21,blablablablablabla,76,0.029607263211744013,TERRORISM,SMURFING_OVER_5_ACCOUNTS,2907
1983-01-03,blablablablablabla,77,0.9770588929079149,TERRORISM,TOOK_LOANS_FROM_MORE_THAN_1_BANK_IN_ONE_DAY,1204
2001-04-30,blablablablablabla,78,1.0235756882212308,TERRORISM,SMURFING_OVER_10_ACCOUNTS,692
2009-07-10,blablablablablabla,79,0.1827914001262097,HIGH_INT_PAYMENT,SMURFING_OVER_10_ACCOUNTS,198
2001-06-26,blablablablablabla,80,1.2946984738558214,TERRORISM,MANY_SWISH_ACCOUNTS,977
2011-04-06,blablablablablabla,81,1.0512218990227031,TERRORISM,MANY_SWISH_ACCOUNTS,4879
2003-10-26,blablablablablabla,82,1.2959120353734384,HIGH_INT_PAYMENT,MANY_SWISH_ACCOUNTS,1077
1999-02-17,blablablablablabla,83,1.3574056115729336,SMURFING,TOOK_LOANS_FROM_MORE_THAN_1_BANK_IN_ONE_DAY,2269
2013-08-05,blablablablablabla,84,2.770520467174596,REPEATED_SWISH,MANY_SWISH_ACCOUNTS,621
2012-12-26,blablablablablabla,85,0.0949347425914327,SMURFING,MANY_SWISH_ACCOUNTS,2567
1998-10-29,blablablablablabla,86,0.37514484924375324,TERRORISM,REPEATED_SWISH,4203
1989-12-25,blablablablablabla,87,0.04658261649099176,SMURFING,SMURFING_OVER_5_ACCOUNTS,3655
1974-06-02,blablablablablabla,88,3.3623296693498874,HIGH_INT_PAYMENT,REPEATED_SWISH,1977
1985-03-08,blablablablablabla,89,0.7868741829552943,HIGH_INT_PAYMENT,REPEATED_SWISH,2156
1993-02-24,blablablablablabla,90,0.3437014035521403,TERRORISM,SMURFING_OVER_5_ACCOUNTS,3403
1990-12-26,blablablablablabla,91,2.350165991624131,SMURFING,MANY_SWISH_ACCOUNTS,1017
1992-01-17,blablablablablabla,92,1.781821782075809,SMURFING,SMURFING_OVER_5_ACCOUNTS,3289
1978-03-04,blablablablablabla,93,1.1145351266825951,HIGH_INT_PAYMENT,SMURFING_OVER_10_ACCOUNTS,915
1988-10-15,blablablablablabla,94,0.8706313308382182,SMURFING,TOOK_LOANS_FROM_MORE_THAN_1_BANK_IN_ONE_DAY,947
1972-11-28,blablablablablabla,95,0.6547775547190462,REPEATED_SWISH,TOOK_LOANS_FROM_MORE_THAN_1_BANK_IN_ONE_DAY,1015
1998-06-19,blablablablablabla,96,1.496010539664988,REPEATED_SWISH,TOOK_OVER_4_LOANS_IN_ONE_DAY,4349
1982-02-23,blablablablablabla,97,0.9175352085855248,TERRORISM,MANY_SWISH_ACCOUNTS,1247
1978-09-13,blablablablablabla,98,0.36247575151383976,SMURFING,TOOK_LOANS_FROM_MORE_THAN_1_BANK_IN_ONE_DAY,966
1990-02-09,blablablablablabla,99,0.16520562970361471,HIGH_INT_PAYMENT,TOOK_OVER_4_LOANS_IN_ONE_DAY,1558
1970-09-05,blablablablablabla,100,0.7473450912496923,TERRORISM,MANY_SWISH_ACCOUNTS,4006
1985-12-13,blablablablablabla,101,0.46391572526287794,HIGH_INT_PAYMENT,SMURFING_OVER_5_ACCOUNTS,2206
1970-09-21,blablablablablabla,102,0.28402313084598285,HIGH_INT_PAYMENT,TOOK_OVER_4_LOANS_IN_ONE_DAY,2841
2014-05-31,blablablablablabla,103,0.40593442324507467,TERRORISM,INT_PAYMENT_OVER_5K,4973
1972-09-01,blablablablablabla,104,0.390284116194229,HIGH_INT_PAYMENT,SMURFING_OVER_5_ACCOUNTS,4376
1976-03-16,blablablablablabla,105,0.9338648720092656,HIGH_INT_PAYMENT,MANY_SWISH_ACCOUNTS,4853
1985-05-30,blablablablablabla,106,0.039152738880312635,HIGH_INT_PAYMENT,TOOK_OVER_4_LOANS_IN_ONE_DAY,4333
2013-06-25,blablablablablabla,107,0.4995104391743708,REPEATED_SWISH,TOOK_OVER_4_LOANS_IN_ONE_DAY,3144
2000-06-12,blablablablablabla,108,0.06358401246566825,REPEATED_SWISH,TOOK_LOANS_FROM_MORE_THAN_1_BANK_IN_ONE_DAY,2649
1993-10-17,blablablablablabla,109,0.4152443270222053,SMURFING,SMURFING_OVER_5_ACCOUNTS,4694
1999-10-30,blablablablablabla,110,1.0988150646752806,HIGH_INT_PAYMENT,SMURFING_OVER_10_ACCOUNTS,2464
2016-11-09,blablablablablabla,111,0.4868271069046543,TERRORISM,TOOK_OVER_4_LOANS_IN_ONE_DAY,3591
2001-09-26,blablablablablabla,112,1.9329609554450728,REPEATED_SWISH,TOOK_OVER_4_LOANS_IN_ONE_DAY,4601
1972-02-12,blablablablablabla,113,1.0463714014985166,TERRORISM,TOOK_LOANS_FROM_MORE_THAN_1_BANK_IN_ONE_DAY,2425
1974-10-13,blablablablablabla,114,0.14994328702761395,TERRORISM,INT_PAYMENT_OVER_5K,910
1975-12-13,blablablablablabla,115,0.0024530395393731965,REPEATED_SWISH,TOOK_OVER_4_LOANS_IN_ONE_DAY,3561
2009-05-13,blablablablablabla,116,0.29488983702819993,HIGH_INT_PAYMENT,INT_PAYMENT_OVER_5K,2446
1972-03-15,blablablablablabla,117,1.698791235782999,REPEATED_SWISH,REPEATED_SWISH,4211
2002-07-07,blablablablablabla,118,0.6798269560462585,SMURFING,TOOK_OVER_4_LOANS_IN_ONE_DAY,4170
2018-08-31,blablablablablabla,119,0.7291054024821412,TERRORISM,TOOK_LOANS_FROM_MORE_THAN_1_BANK_IN_ONE_DAY,4609
1975-04-08,blablablablablabla,120,1.5226760711869403,SMURFING,MANY_SWISH_ACCOUNTS,4648
2004-10-05,blablablablablabla,121,1.7401265864743736,REPEATED_SWISH,MANY_SWISH_ACCOUNTS,3401
2000-12-29,blablablablablabla,122,0.6840912017756212,TERRORISM,REPEATED_SWISH,1674
1990-04-26,blablablablablabla,123,0.23220994517949248,HIGH_INT_PAYMENT,SMURFING_OVER_10_ACCOUNTS,2394
1997-04-27,blablablablablabla,124,0.012136593437654913,SMURFING,TOOK_OVER_4_LOANS_IN_ONE_DAY,2987
2001-09-15,blablablablablabla,125,0.4912598926880143,TERRORISM,TOOK_OVER_4_LOANS_IN_ONE_DAY,2708
1992-07-20,blablablablablabla,126,0.7732376950002565,TERRORISM,SMURFING_OVER_5_ACCOUNTS,179
1976-08-03,blablablablablabla,127,0.5694632756809246,TERRORISM,INT_PAYMENT_OVER_5K,2188
1988-06-28,blablablablablabla,128,0.4872869329439741,TERRORISM,SMURFING_OVER_5_ACCOUNTS,1606
2013-12-21,blablablablablabla,129,1.1947168055595934,SMURFING,TOOK_LOANS_FROM_MORE_THAN_1_BANK_IN_ONE_DAY,3405
2010-04-18,blablablablablabla,130,1.9790913833339725,TERRORISM,SMURFING_OVER_5_ACCOUNTS,169
1976-02-03,blablablablablabla,131,0.05227296655207336,HIGH_INT_PAYMENT,TOOK_LOANS_FROM_MORE_THAN_1_BANK_IN_ONE_DAY,2014
1978-10-14,blablablablablabla,132,0.43451370323275673,HIGH_INT_PAYMENT,SMURFING_OVER_10_ACCOUNTS,1896
1981-07-28,blablablablablabla,133,0.3004594427770052,HIGH_INT_PAYMENT,TOOK_OVER_4_LOANS_IN_ONE_DAY,3497
1991-03-21,blablablablablabla,134,0.5491237510537081,REPEATED_SWISH,SMURFING_OVER_5_ACCOUNTS,766
1972-05-17,blablablablablabla,135,0.08645824443778126,SMURFING,REPEATED_SWISH,1776
1990-01-06,blablablablablabla,136,1.3998253897648805,HIGH_INT_PAYMENT,TOOK_LOANS_FROM_MORE_THAN_1_BANK_IN_ONE_DAY,3696
1977-08-31,blablablablablabla,137,0.9452191729509436,SMURFING,REPEATED_SWISH,599
1973-03-30,blablablablablabla,138,1.7770619803003236,REPEATED_SWISH,TOOK_OVER_4_LOANS_IN_ONE_DAY,816
1998-10-16,blablablablablabla,139,0.4599644735153614,HIGH_INT_PAYMENT,TOOK_LOANS_FROM_MORE_THAN_1_BANK_IN_ONE_DAY,4023
2014-05-21,blablablablablabla,140,0.5881631520159083,HIGH_INT_PAYMENT,REPEATED_SWISH,4069
2017-03-20,blablablablablabla,141,0.716917143455427,TERRORISM,SMURFING_OVER_10_ACCOUNTS,4063
1982-10-10,blablablablablabla,142,0.680977309744201,HIGH_INT_PAYMENT,TOOK_LOANS_FROM_MORE_THAN_1_BANK_IN_ONE_DAY,1312
1989-09-21,blablablablablabla,143,0.20057923778113249,TERRORISM,SMURFING_OVER_5_ACCOUNTS,3708
2008-08-24,blablablablablabla,144,1.0186190939741873,SMURFING,MANY_SWISH_ACCOUNTS,2160
2009-05-11,blablablablablabla,145,1.1674675455469503,REPEATED_SWISH,SMURFING_OVER_10_ACCOUNTS,1908
1976-03-09,blablablablablabla,146,0.786730975886545,HIGH_INT_PAYMENT,MANY_SWISH_ACCOUNTS,3767
1989-01-28,blablablablablabla,147,0.9572479235790761,TERRORISM,MANY_SWISH_ACCOUNTS,2204
1989-03-06,blablablablablabla,148,1.5271118943423057,HIGH_INT_PAYMENT,TOOK_LOANS_FROM_MORE_THAN_1_BANK_IN_ONE_DAY,713
1973-11-18,blablablablablabla,149,1.2195377609183768,HIGH_INT_PAYMENT,MANY_SWISH_ACCOUNTS,4338
2009-05-03,blablablablablabla,150,1.1454299131664312,SMURFING,REPEATED_SWISH,2975
1972-11-08,blablablablablabla,151,1.8647777836204034,HIGH_INT_PAYMENT,TOOK_OVER_4_LOANS_IN_ONE_DAY,1361
1993-07-22,blablablablablabla,152,0.9818416765024494,TERRORISM,REPEATED_SWISH,1138
2012-10-23,blablablablablabla,153,0.12611008176162355,SMURFING,SMURFING_OVER_10_ACCOUNTS,964
2015-03-02,blablablablablabla,154,0.029726643925034234,HIGH_INT_PAYMENT,INT_PAYMENT_OVER_5K,471
1997-11-11,blablablablablabla,155,0.25542089272940577,HIGH_INT_PAYMENT,REPEATED_SWISH,3887
1995-10-10,blablablablablabla,156,0.5762116201214142,SMURFING,TOOK_LOANS_FROM_MORE_THAN_1_BANK_IN_ONE_DAY,1133
1989-07-30,blablablablablabla,157,0.22972541799321652,REPEATED_SWISH,REPEATED_SWISH,2991
1986-11-22,blablablablablabla,158,1.4710081613097266,TERRORISM,REPEATED_SWISH,3761
1985-08-19,blablablablablabla,159,0.33246108228865506,SMURFING,MANY_SWISH_ACCOUNTS,3134
1992-12-06,blablablablablabla,160,0.8323633181402397,TERRORISM,REPEATED_SWISH,2873
1996-08-17,blablablablablabla,161,0.5880509063204404,HIGH_INT_PAYMENT,SMURFING_OVER_5_ACCOUNTS,2816
1984-01-17,blablablablablabla,162,0.8875584434394826,HIGH_INT_PAYMENT,MANY_SWISH_ACCOUNTS,889
2010-10-21,blablablablablabla,163,0.5546583689524184,REPEATED_SWISH,TOOK_LOANS_FROM_MORE_THAN_1_BANK_IN_ONE_DAY,3829
1976-12-10,blablablablablabla,164,0.11557754786992303,SMURFING,TOOK_OVER_4_LOANS_IN_ONE_DAY,3496
2014-09-04,blablablablablabla,165,1.9860464401158557,SMURFING,INT_PAYMENT_OVER_5K,1497
2001-08-30,blablablablablabla,166,0.057367677563609304,REPEATED_SWISH,SMURFING_OVER_5_ACCOUNTS,2749
2002-12-10,blablablablablabla,167,2.1499712746457686,HIGH_INT_PAYMENT,TOOK_LOANS_FROM_MORE_THAN_1_BANK_IN_ONE_DAY,3660
1983-02-12,blablablablablabla,168,0.8384832398419167,HIGH_INT_PAYMENT,TOOK_LOANS_FROM_MORE_THAN_1_BANK_IN_ONE_DAY,816
1971-03-03,blablablablablabla,169,0.947348336143553,SMURFING,INT_PAYMENT_OVER_5K,3883
2008-11-08,blablablablablabla,170,1.7936216117037778,REPEATED_SWISH,TOOK_LOANS_FROM_MORE_THAN_1_BANK_IN_ONE_DAY,1890
2002-05-10,blablablablablabla,171,0.8279023826678953,HIGH_INT_PAYMENT,TOOK_LOANS_FROM_MORE_THAN_1_BANK_IN_ONE_DAY,3152
1994-11-21,blablablablablabla,172,0.08119555460751703,TERRORISM,SMURFING_OVER_10_ACCOUNTS,1882
2002-09-30,blablablablablabla,173,0.1566186620951568,TERRORISM,INT_PAYMENT_OVER_5K,4916
2002-02-18,blablablablablabla,174,0.054566140595482704,TERRORISM,MANY_SWISH_ACCOUNTS,3683
1991-08-30,blablablablablabla,175,0.28721325740218556,TERRORISM,TOOK_LOANS_FROM_MORE_THAN_1_BANK_IN_ONE_DAY,788
1990-04-04,blablablablablabla,176,1.6404051027974718,REPEATED_SWISH,INT_PAYMENT_OVER_5K,590
1973-07-31,blablablablablabla,177,1.632846721197819,SMURFING,TOOK_LOANS_FROM_MORE_THAN_1_BANK_IN_ONE_DAY,646
1979-06-20,blablablablablabla,178,0.7210369973216652,REPEATED_SWISH,TOOK_LOANS_FROM_MORE_THAN_1_BANK_IN_ONE_DAY,1386
1982-08-03,blablablablablabla,179,0.6131818817556255,TERRORISM,REPEATED_SWISH,3703
2005-09-21,blablablablablabla,180,0.3265880315521214,HIGH_INT_PAYMENT,SMURFING_OVER_10_ACCOUNTS,1786
1996-02-12,blablablablablabla,181,1.1668208617422984,HIGH_INT_PAYMENT,SMURFING_OVER_5_ACCOUNTS,3458
2006-07-24,blablablablablabla,182,1.841716527329116,HIGH_INT_PAYMENT,SMURFING_OVER_10_ACCOUNTS,4984
1993-01-14,blablablablablabla,183,1.404540064871263,REPEATED_SWISH,REPEATED_SWISH,2863
2007-01-22,blablablablablabla,184,0.2984704100162082,TERRORISM,INT_PAYMENT_OVER_5K,2026
1986-02-24,blablablablablabla,185,0.1403445406366856,HIGH_INT_PAYMENT,TOOK_OVER_4_LOANS_IN_ONE_DAY,4222
1995-03-26,blablablablablabla,186,0.43909709857148777,SMURFING,REPEATED_SWISH,2830
1992-01-07,blablablablablabla,187,0.4802539185738359,SMURFING,REPEATED_SWISH,4053
1995-03-08,blablablablablabla,188,0.36053157586496576,REPEATED_SWISH,SMURFING_OVER_10_ACCOUNTS,2698
2011-01-21,blablablablablabla,189,1.0593562906286713,HIGH_INT_PAYMENT,MANY_SWISH_ACCOUNTS,892
1996-02-05,blablablablablabla,190,0.04573085408541071,SMURFING,INT_PAYMENT_OVER_5K,1546
2001-04-22,blablablablablabla,191,0.8015134934483301,REPEATED_SWISH,INT_PAYMENT_OVER_5K,2997
1999-12-07,blablablablablabla,192,0.8099514159636843,HIGH_INT_PAYMENT,SMURFING_OVER_5_ACCOUNTS,2349
1993-07-01,blablablablablabla,193,0.2655447717141211,TERRORISM,INT_PAYMENT_OVER_5K,2539
2016-02-04,blablablablablabla,194,2.3424664685910064,SMURFING,TOOK_OVER_4_LOANS_IN_ONE_DAY,2185
1977-03-19,blablablablablabla,195,0.05975059970123092,REPEATED_SWISH,REPEATED_SWISH,4543
1995-04-12,blablablablablabla,196,0.9939079017119338,HIGH_INT_PAYMENT,TOOK_LOANS_FROM_MORE_THAN_1_BANK_IN_ONE_DAY,706
2011-05-23,blablablablablabla,197,0.7220490966875885,SMURFING,SMURFING_OVER_5_ACCOUNTS,71
1986-04-20,blablablablablabla,198,0.10926413542195525,REPEATED_SWISH,SMURFING_OVER_5_ACCOUNTS,1495
2017-04-21,blablablablablabla,199,1.14937574509331,TERRORISM,MANY_SWISH_ACCOUNTS,4095
1989-04-13,blablablablablabla,200,1.123278551953379,HIGH_INT_PAYMENT,MANY_SWISH_ACCOUNTS,2584
2012-06-13,blablablablablabla,201,0.018833175502984682,HIGH_INT_PAYMENT,TOOK_OVER_4_LOANS_IN_ONE_DAY,4321
1978-06-17,blablablablablabla,202,0.9822382797345058,REPEATED_SWISH,SMURFING_OVER_5_ACCOUNTS,552
1988-08-02,blablablablablabla,203,1.075930599601982,TERRORISM,SMURFING_OVER_10_ACCOUNTS,1960
1990-09-23,blablablablablabla,204,1.4018332052960099,TERRORISM,INT_PAYMENT_OVER_5K,1632
2010-01-27,blablablablablabla,205,0.41855577351195716,REPEATED_SWISH,SMURFING_OVER_5_ACCOUNTS,3725
2015-03-24,blablablablablabla,206,1.2160202154433981,REPEATED_SWISH,SMURFING_OVER_5_ACCOUNTS,2018
2002-05-05,blablablablablabla,207,0.05279499183495605,REPEATED_SWISH,INT_PAYMENT_OVER_5K,7
1999-08-09,blablablablablabla,208,0.010411243259477877,SMURFING,MANY_SWISH_ACCOUNTS,2969
1992-06-18,blablablablablabla,209,0.3986449561715159,REPEATED_SWISH,TOOK_LOANS_FROM_MORE_THAN_1_BANK_IN_ONE_DAY,4828
2012-02-11,blablablablablabla,210,0.14848744749054643,SMURFING,MANY_SWISH_ACCOUNTS,4252
1983-01-27,blablablablablabla,211,1.4895712416236047,HIGH_INT_PAYMENT,TOOK_LOANS_FROM_MORE_THAN_1_BANK_IN_ONE_DAY,2158
1976-06-14,blablablablablabla,212,0.6989635818742369,SMURFING,MANY_SWISH_ACCOUNTS,1790
2017-12-01,blablablablablabla,213,0.42596675469419265,SMURFING,SMURFING_OVER_5_ACCOUNTS,2978
2006-08-22,blablablablablabla,214,0.09416165286895788,TERRORISM,INT_PAYMENT_OVER_5K,4116
1989-02-04,blablablablablabla,215,0.9347004265063419,REPEATED_SWISH,INT_PAYMENT_OVER_5K,1463
2010-06-14,blablablablablabla,216,0.6759126209196501,SMURFING,MANY_SWISH_ACCOUNTS,3463
1987-06-19,blablablablablabla,217,0.7242704125995726,TERRORISM,SMURFING_OVER_10_ACCOUNTS,3727
2012-10-23,blablablablablabla,218,1.5593818197446387,TERRORISM,MANY_SWISH_ACCOUNTS,324
2007-07-08,blablablablablabla,219,0.07697096785813473,HIGH_INT_PAYMENT,INT_PAYMENT_OVER_5K,2171
1982-02-02,blablablablablabla,220,0.8247542169063162,HIGH_INT_PAYMENT,TOOK_OVER_4_LOANS_IN_ONE_DAY,3025
1976-10-25,blablablablablabla,221,0.8979034743858969,TERRORISM,INT_PAYMENT_OVER_5K,3000
2001-10-13,blablablablablabla,222,1.349355732420802,REPEATED_SWISH,REPEATED_SWISH,2466
1986-09-05,blablablablablabla,223,0.04324929680086891,REPEATED_SWISH,REPEATED_SWISH,2305
1997-06-07,blablablablablabla,224,0.32070864516331227,TERRORISM,TOOK_OVER_4_LOANS_IN_ONE_DAY,4868
1978-11-06,blablablablablabla,225,2.0757736135493454,TERRORISM,MANY_SWISH_ACCOUNTS,783
1996-11-24,blablablablablabla,226,0.19305160414558764,REPEATED_SWISH,INT_PAYMENT_OVER_5K,447
1988-11-27,blablablablablabla,227,0.5411292899830644,HIGH_INT_PAYMENT,TOOK_LOANS_FROM_MORE_THAN_1_BANK_IN_ONE_DAY,820
2005-05-26,blablablablablabla,228,2.5088970955420113,REPEATED_SWISH,SMURFING_OVER_10_ACCOUNTS,2034
1985-01-17,blablablablablabla,229,0.4972178832458733,HIGH_INT_PAYMENT,SMURFING_OVER_5_ACCOUNTS,1539
1998-02-14,blablablablablabla,230,2.132440839833952,REPEATED_SWISH,MANY_SWISH_ACCOUNTS,2714
2013-10-15,blablablablablabla,231,0.29458848776441227,REPEATED_SWISH,SMURFING_OVER_5_ACCOUNTS,3156
2004-11-09,blablablablablabla,232,0.05246490228904206,HIGH_INT_PAYMENT,MANY_SWISH_ACCOUNTS,4299
1974-10-23,blablablablablabla,233,0.5184851107563164,HIGH_INT_PAYMENT,SMURFING_OVER_10_ACCOUNTS,2146
1982-07-13,blablablablablabla,234,1.9765947114364915,TERRORISM,INT_PAYMENT_OVER_5K,719
1985-12-01,blablablablablabla,235,0.4304774832527069,SMURFING,REPEATED_SWISH,2480
1972-04-23,blablablablablabla,236,0.4358697536464377,TERRORISM,TOOK_LOANS_FROM_MORE_THAN_1_BANK_IN_ONE_DAY,2057
1973-03-11,blablablablablabla,237,0.42218137200951417,SMURFING,TOOK_OVER_4_LOANS_IN_ONE_DAY,1281
1987-02-28,blablablablablabla,238,0.18856622776808024,REPEATED_SWISH,REPEATED_SWISH,4897
2017-07-04,blablablablablabla,239,0.15999372455785218,SMURFING,INT_PAYMENT_OVER_5K,3649
2001-01-21,blablablablablabla,240,0.8909892566788303,TERRORISM,SMURFING_OVER_10_ACCOUNTS,4159
1996-12-18,blablablablablabla,241,1.037422297140035,TERRORISM,REPEATED_SWISH,2498
1974-06-08,blablablablablabla,242,2.004935922560916,TERRORISM,SMURFING_OVER_5_ACCOUNTS,1963
1984-07-18,blablablablablabla,243,1.3813038829734918,SMURFING,SMURFING_OVER_5_ACCOUNTS,2425
2017-11-18,blablablablablabla,244,0.4592504065156986,TERRORISM,INT_PAYMENT_OVER_5K,1476
1985-08-10,blablablablablabla,245,0.0958093543231108,HIGH_INT_PAYMENT,MANY_SWISH_ACCOUNTS,4017
1992-12-15,blablablablablabla,246,0.728024696971078,TERRORISM,INT_PAYMENT_OVER_5K,2676
1972-02-01,blablablablablabla,247,0.18475844071834926,HIGH_INT_PAYMENT,TOOK_OVER_4_LOANS_IN_ONE_DAY,39
2005-05-31,blablablablablabla,248,0.03000598521770181,REPEATED_SWISH,TOOK_LOANS_FROM_MORE_THAN_1_BANK_IN_ONE_DAY,2764
1975-01-31,blablablablablabla,249,1.2737439602433862,SMURFING,MANY_SWISH_ACCOUNTS,3803
2016-10-24,blablablablablabla,250,0.6045038442612279,REPEATED_SWISH,SMURFING_OVER_5_ACCOUNTS,2005
1998-02-15,blablablablablabla,251,1.7071421664209183,HIGH_INT_PAYMENT,MANY_SWISH_ACCOUNTS,2693
1975-08-10,blablablablablabla,252,0.5869687999380456,TERRORISM,TOOK_LOANS_FROM_MORE_THAN_1_BANK_IN_ONE_DAY,204
2000-04-23,blablablablablabla,253,0.8531661054545995,REPEATED_SWISH,SMURFING_OVER_10_ACCOUNTS,2658
1976-01-19,blablablablablabla,254,2.3249711447285244,SMURFING,SMURFING_OVER_5_ACCOUNTS,823
2005-10-10,blablablablablabla,255,1.4727170001090977,HIGH_INT_PAYMENT,TOOK_OVER_4_LOANS_IN_ONE_DAY,1567
2012-06-15,blablablablablabla,256,0.531330134418658,HIGH_INT_PAYMENT,SMURFING_OVER_10_ACCOUNTS,660
1982-02-27,blablablablablabla,257,0.5250679267829609,TERRORISM,MANY_SWISH_ACCOUNTS,2611
1976-02-23,blablablablablabla,258,0.6780721375319348,TERRORISM,TOOK_OVER_4_LOANS_IN_ONE_DAY,4186
2014-12-10,blablablablablabla,259,0.7760358456359183,REPEATED_SWISH,REPEATED_SWISH,1480
2014-01-05,blablablablablabla,260,0.13873789870681644,HIGH_INT_PAYMENT,SMURFING_OVER_10_ACCOUNTS,2696
1991-04-28,blablablablablabla,261,1.0632284966809225,HIGH_INT_PAYMENT,INT_PAYMENT_OVER_5K,4416
1982-12-18,blablablablablabla,262,0.10205837485938901,REPEATED_SWISH,TOOK_OVER_4_LOANS_IN_ONE_DAY,574
2000-12-18,blablablablablabla,263,0.3804080465229,SMURFING,SMURFING_OVER_10_ACCOUNTS,4261
1980-06-24,blablablablablabla,264,1.4936352349342963,SMURFING,INT_PAYMENT_OVER_5K,4252
2011-12-22,blablablablablabla,265,1.1322384966236099,SMURFING,INT_PAYMENT_OVER_5K,4388
1996-07-23,blablablablablabla,266,0.8084288193256609,REPEATED_SWISH,SMURFING_OVER_5_ACCOUNTS,3999
1997-06-30,blablablablablabla,267,0.10135073931678538,REPEATED_SWISH,INT_PAYMENT_OVER_5K,1143
1997-02-11,blablablablablabla,268,1.0789535023993637,SMURFING,INT_PAYMENT_OVER_5K,3830
2015-10-22,blablablablablabla,269,0.8389039879410685,TERRORISM,INT_PAYMENT_OVER_5K,1690
2008-12-26,blablablablablabla,270,0.1832440378121904,TERRORISM,TOOK_LOANS_FROM_MORE_THAN_1_BANK_IN_ONE_DAY,4260
1973-11-06,blablablablablabla,271,0.9424253211095118,HIGH_INT_PAYMENT,INT_PAYMENT_OVER_5K,2477
1984-06-22,blablablablablabla,272,1.4148390632842625,TERRORISM,SMURFING_OVER_10_ACCOUNTS,2348
2017-08-15,blablablablablabla,273,0.21361138722685785,REPEATED_SWISH,INT_PAYMENT_OVER_5K,954
1991-08-05,blablablablablabla,274,0.7762313982320465,SMURFING,SMURFING_OVER_10_ACCOUNTS,1678
2012-12-06,blablablablablabla,275,0.3324046188405762,HIGH_INT_PAYMENT,MANY_SWISH_ACCOUNTS,1946
1998-10-08,blablablablablabla,276,0.28008265208928274,SMURFING,TOOK_LOANS_FROM_MORE_THAN_1_BANK_IN_ONE_DAY,1387
1993-03-26,blablablablablabla,277,0.8777656038540871,TERRORISM,SMURFING_OVER_5_ACCOUNTS,66
1990-10-27,blablablablablabla,278,0.42207758840314874,TERRORISM,INT_PAYMENT_OVER_5K,4690
1997-02-28,blablablablablabla,279,1.963290767502697,TERRORISM,SMURFING_OVER_10_ACCOUNTS,2592
2014-04-08,blablablablablabla,280,1.9650560964166044,REPEATED_SWISH,TOOK_OVER_4_LOANS_IN_ONE_DAY,1666
1984-04-14,blablablablablabla,281,0.13693245081699554,TERRORISM,TOOK_LOANS_FROM_MORE_THAN_1_BANK_IN_ONE_DAY,3917
1977-05-09,blablablablablabla,282,1.5193451286592263,HIGH_INT_PAYMENT,TOOK_LOANS_FROM_MORE_THAN_1_BANK_IN_ONE_DAY,1573
2012-10-14,blablablablablabla,283,0.0803981492366005,REPEATED_SWISH,SMURFING_OVER_10_ACCOUNTS,4742
1977-05-01,blablablablablabla,284,0.04353480155430333,REPEATED_SWISH,INT_PAYMENT_OVER_5K,4179
1997-04-20,blablablablablabla,285,0.068460108832678,TERRORISM,SMURFING_OVER_10_ACCOUNTS,2308
1989-10-02,blablablablablabla,286,1.1093158325600725,HIGH_INT_PAYMENT,INT_PAYMENT_OVER_5K,1280
1971-06-17,blablablablablabla,287,0.09156997758320545,REPEATED_SWISH,TOOK_LOANS_FROM_MORE_THAN_1_BANK_IN_ONE_DAY,761
2009-07-19,blablablablablabla,288,1.3312451450482026,SMURFING,MANY_SWISH_ACCOUNTS,1781
1984-03-08,blablablablablabla,289,0.9590985960894899,SMURFING,TOOK_LOANS_FROM_MORE_THAN_1_BANK_IN_ONE_DAY,2954
1977-01-23,blablablablablabla,290,0.24740785942470514,SMURFING,INT_PAYMENT_OVER_5K,4940
1975-07-01,blablablablablabla,291,0.6316184280346482,HIGH_INT_PAYMENT,TOOK_LOANS_FROM_MORE_THAN_1_BANK_IN_ONE_DAY,3664
1984-11-01,blablablablablabla,292,1.103978534701553,SMURFING,TOOK_OVER_4_LOANS_IN_ONE_DAY,4328
1982-05-17,blablablablablabla,293,0.46205563530258753,TERRORISM,TOOK_OVER_4_LOANS_IN_ONE_DAY,4813
1992-04-27,blablablablablabla,294,0.9700557945288169,HIGH_INT_PAYMENT,SMURFING_OVER_10_ACCOUNTS,362
1972-04-11,blablablablablabla,295,0.5091482854522332,HIGH_INT_PAYMENT,REPEATED_SWISH,1367
1974-09-20,blablablablablabla,296,1.0580686122786236,TERRORISM,SMURFING_OVER_10_ACCOUNTS,1045
2018-03-02,blablablablablabla,297,0.4917146792084715,REPEATED_SWISH,MANY_SWISH_ACCOUNTS,778
1997-01-16,blablablablablabla,298,0.8506918383445388,REPEATED_SWISH,TOOK_OVER_4_LOANS_IN_ONE_DAY,2682
1984-12-26,blablablablablabla,299,0.4652163427252904,REPEATED_SWISH,INT_PAYMENT_OVER_5K,2870
